,Product Name,prices,description,REVIEWS
0,"POCO M7 Pro 5G (Lavender Frost, 256 GB)","₹13,999",8 GB RAM | 256 GB ROM16.94 cm (6.67 inch) Full HD+ Display50MP + 2MP | 20MP Front Camera5110 mAh BatteryDimensity 7025 Ultra Processor1 Year Manufacturer Warranty for Phone and 6 Months Warranty for In the Box Accessories,4.2
1,"Motorola g45 5G (Brilliant Green, 128 GB)","₹11,999",8 GB RAM | 128 GB ROM | Expandable Upto 1 TB16.51 cm (6.5 inch) HD+ Display50MP + 2MP | 16MP Front Camera5000 mAh BatterySnapdragon 6s Gen 3 Processor1 Year Warranty on Handset and 6 Months Warranty on Accessories,4.3
2,"Motorola g45 5G (Brilliant Blue, 128 GB)","₹11,999",8 GB RAM | 128 GB ROM | Expandable Upto 1 TB16.51 cm (6.5 inch) HD+ Display50MP + 2MP | 16MP Front Camera5000 mAh BatterySnapdragon 6s Gen 3 Processor1 Year Warranty on Handset and 6 Months Warranty on Accessories,4.3
3,"POCO M6 Plus 5G (Ice Silver, 128 GB)","₹10,782",8 GB RAM | 128 GB ROM | Expandable Upto 1 TB17.25 cm (6.79 inch) Full HD+ Display108MP + 2MP | 13MP Front Camera5030 mAh BatterySnapdragon 4 Gen2 AE Processor1 Year Manufacturer Warranty for Phone and 6 Months Warranty for In the Box Accessories,4.2
4,"vivo T4x 5G (Glacial Teal, 128 GB)","₹14,499",6 GB RAM | 128 GB ROM17.07 cm (6.72 inch) Display50MP + 2MP | 8MP Front Camera6500 mAh BatteryDimensity 7300 5G Processor1 Year Warranty for Device and 6 Months Warranty for Accessories,4.4
5,"Motorola g45 5G (Viva Magenta, 128 GB)","₹11,999",8 GB RAM | 128 GB ROM | Expandable Upto 1 TB16.51 cm (6.5 inch) HD+ Display50MP + 2MP | 16MP Front Camera5000 mAh BatterySnapdragon 6s Gen 3 Processor1 Year Warranty on Handset and 6 Months Warranty on Accessories,4.3
6,"realme Narzo 80 Lite 5G (Onyx Black, 128 GB)","₹10,694",6 GB RAM | 128 GB ROM16.94 cm (6.67 inch) Display50MP Rear Camera6000 mAh Battery1 Year Warranty,4.3
7,"Samsung M06 5G (Blazing Black, 128 GB)","₹9,199",4 GB RAM | 128 GB ROM17.02 cm (6.7 inch) Display50MP Rear Camera5000 mAh Battery1 Year Manufacturer Warranty for Phone and 6 Months Warranty for In the Box Accessories,4
8,"POCO M7 Pro 5G (Olive Twilight, 128 GB)","₹11,999",6 GB RAM | 128 GB ROM16.94 cm (6.67 inch) Full HD+ Display50MP + 2MP | 20MP Front Camera5110 mAh BatteryDimensity 7025 Ultra Processor1 Year Manufacturer Warranty for Phone and 6 Months Warranty for In the Box Accessories,4.3
9,"realme Narzo 80 Lite 5G (Crystal Purple, 128 GB)","₹10,788",4 GB RAM | 128 GB ROM16.94 cm (6.67 inch) Display50MP Rear Camera6000 mAh Battery1 Year Warranty,4.3
10,"Samsung Galaxy A06 5G (Black, 128 GB)","₹10,080",4 GB RAM | 128 GB ROM | Expandable Upto 1 TB17.02 cm (6.7 inch) HD+ Display50MP + 50MP | 2MP + 2MP Dual Front Camera5000 mAh BatteryMEDIATEK Processor1 Year Manufacturer Warranty for Device and 6 Months for In-Box Accessories,4.1
11,"REDMI A4 5G only on Jio SIM (Starry Black, 128 GB)","₹8,845",4 GB RAM | 128 GB ROM17.48 cm (6.88 inch) Display50MP Rear Camera5160 mAh Battery1 Year,4.3
12,"POCO M7 Plus 5G (Carbon Black, 128 GB)","₹12,999",6 GB RAM | 128 GB ROM | Expandable Upto 2 TB17.53 cm (6.9 inch) Display50MP AI Dual Camera7000 mAh BatterySnapdragon 6s Gen 3 5G Processor1 Year Manufacturer Warranty for Phone and 6 Months Warranty for In the Box Accessories,4.3
13,"OPPO K13x 5G 6000mAh and 45W SUPERVOOC Charger & AI (Breeze Blue, 128 GB)","₹12,999",6 GB RAM | 128 GB ROM | Expandable Upto 2 TB16.94 cm (6.67 inch) HD+ Display50MP + 2MP | 8MP Front Camera6000 mAh BatteryDimensity 6300 Processor1 Year Manufacturer Warranty for Device and 6 Months Manufacturer Warranty for Inbox Accessories,4.5
14,"IQOO Z10 Lite 5G (Titanium Blue, 128 GB)","₹11,790",6 GB RAM | 128 GB ROM17.12 cm (6.74 inch) Display50MP Rear Camera6000 mAh Battery1 Year Warranty,4.2
15,"IQOO Z10 Lite 5G (Titanium Blue, 128 GB)","₹10,590",4 GB RAM | 128 GB ROM17.12 cm (6.74 inch) Display50MP Rear Camera6000 mAh Battery1 Year Warranty,4.2
16,"Samsung M06 5G (Blazing Black, 128 GB)","₹10,885",6 GB RAM | 128 GB ROM17.02 cm (6.7 inch) Display50MP Rear Camera5000 mAh Battery1 Year Manufacturer Warranty for Phone and 6 Months Warranty for In the Box Accessories,3.9
17,"REDMI A4 (Sparkle Purple, 128 GB)","₹9,580",6 GB RAM | 128 GB ROM17.48 cm (6.88 inch) Display50MP + 50MP | 5MP Dual Front Camera5160 mAh BatterySnapdragon 4s Gen 2 5G Processor Processor1 year manufacturer warranty for device and 6 months manufacturer warranty for in-box accessories including batteries from the date of purchase,4.2
18,"REDMI A4 (Starry Black, 128 GB)","₹9,584",6 GB RAM | 128 GB ROM17.48 cm (6.88 inch) Display50MP + 50MP | 5MP Dual Front Camera5160 mAh BatterySnapdragon 4s Gen 2 5G Processor Processor1 year manufacturer warranty for device and 6 months manufacturer warranty for in-box accessories including batteries from the date of purchase,4.2
19,"POCO M7 Plus 5G (Chrome Silver, 128 GB)","₹12,999",6 GB RAM | 128 GB ROM | Expandable Upto 2 TB17.53 cm (6.9 inch) Display50MP AI Dual Camera7000 mAh BatterySnapdragon 6s Gen 3 5G Processor1 Year Manufacturer Warranty for Phone and 6 Months Warranty for In the Box Accessories,4.3
20,"realme Narzo 80 Lite 5G (Crystal Purple, 128 GB)","₹10,675",6 GB RAM | 128 GB ROM16.94 cm (6.67 inch) Display32MP Rear Camera6000 mAh Battery1 Year Warranty,4.3
21,"Infinix Note 50x 5G+ 45W Charger In the Box & AI (Sea Breeze Green, 128 GB)","₹13,499",8 GB RAM | 128 GB ROM16.94 cm (6.67 inch) HD+ Display50MP + AI Lens | 8MP Front Camera5500 mAh BatteryDimensity 7300 Ultimate Processor1 Year Warranty on the Handset and 6 Months Warranty on the In-box Accessories,4.3
22,"IQOO Z10 Lite 5G (Cyber Green, 128 GB)","₹10,590",4 GB RAM | 128 GB ROM17.12 cm (6.74 inch) Display50MP Rear Camera6000 mAh Battery1 Year Warranty,4.2
23,"POCO M7 Plus 5G (Chrome Silver, 128 GB)","₹13,999",8 GB RAM | 128 GB ROM | Expandable Upto 2 TB17.53 cm (6.9 inch) Display50MP AI Dual Camera7000 mAh BatterySnapdragon 6s Gen 3 5G Processor1 Year Manufacturer Warranty for Phone and 6 Months Warranty for In the Box Accessories,4.3
24,"Infinix Note 50x 5G+ 45W Charger In the Box & AI (Enchanted Purple, 128 GB)","₹11,999",6 GB RAM | 128 GB ROM16.94 cm (6.67 inch) HD+ Display50MP + AI Lens | 8MP Front Camera5500 mAh BatteryDimensity 7300 Ultimate Processor1 Year Warranty on the Handset and 6 Months Warranty on the In-box Accessories,4.3
25,"MOTOROLA g35 5G (Guava Red, 128 GB)","₹11,999",8 GB RAM | 128 GB ROM | Expandable Upto 1 TB17.07 cm (6.72 inch) Full HD+ Display50MP + 8MP | 16MP Front Camera5000 mAh BatteryT760 Processor12 5G Bands with VoNR|4K Video Recording|Vision Booster Technology1 Year on Handset and 6 Months on Accessories,4.2
26,"Infinix Note 50x 5G+ 45W Charger In the Box & AI (Enchanted Purple, 128 GB)","₹13,499",8 GB RAM | 128 GB ROM16.94 cm (6.67 inch) HD+ Display50MP + AI Lens | 8MP Front Camera5500 mAh BatteryDimensity 7300 Ultimate Processor1 Year Warranty on the Handset and 6 Months Warranty on the In-box Accessories,4.3
27,"POCO M7 Plus 5G (Aqua Blue, 128 GB)","₹13,999",8 GB RAM | 128 GB ROM | Expandable Upto 2 TB17.53 cm (6.9 inch) Display50MP AI Dual Camera7000 mAh BatterySnapdragon 6s Gen 3 5G Processor1 Year Manufacturer Warranty for Phone and 6 Months Warranty for In the Box Accessories,4.3
28,"realme Narzo 80 Lite 5G (Onyx Black, 128 GB)","₹10,651",4 GB RAM | 128 GB ROM16.94 cm (6.67 inch) Display50MP Rear Camera6000 mAh Battery1 Year Warranty,4.3
29,"OPPO A3x 5G (Sparkle Black, 64 GB)","₹10,499",4 GB RAM | 64 GB ROM | Expandable Upto 2 TB16.94 cm (6.67 inch) HD+ Display8MP Rear Camera | 5MP Front Camera5100 mAh BatteryDimensity 6300 Processor1 Year Manufacturer Warranty for Device and 6 Months Manufacturer Warranty for Inbox Accessories,4.2
30,"IQOO Z10 Lite 5G (Cyber Green, 128 GB)","₹11,790",6 GB RAM | 128 GB ROM17.12 cm (6.74 inch) Display50MP Rear Camera6000 mAh Battery1 Year Warranty,4.2
31,"Infinix Note 50x 5G+ 45W Charger In the Box & AI (Titanium Grey, 128 GB)","₹11,999",6 GB RAM | 128 GB ROM16.94 cm (6.67 inch) HD+ Display50MP + AI Lens | 8MP Front Camera5500 mAh BatteryDimensity 7300 Ultimate Processor1 Year Warranty on the Handset and 6 Months Warranty on the In-box Accessories,4.3
32,"Tecno Pova 7 5G (Geek Black, 128 GB)","₹13,749",8 GB RAM | 128 GB ROM17.22 cm (6.78 inch) Full HD+ Display50MP + AI | 13MP Front Camera6000 mAh BatteryDimensity 7300 Ultimate Processor1 Year Manufacturer Warranty for Phone,4.4
33,"Tecno Pova 7 5G (Magic Silver, 128 GB)","₹13,749",8 GB RAM | 128 GB ROM17.22 cm (6.78 inch) Full HD+ Display50MP + AI | 13MP Front Camera6000 mAh BatteryDimensity 7300 Ultimate Processor1 Year Manufacturer Warranty for Phone,4.4
34,"Samsung M06 5G (Sage Green, 128 GB)","₹10,972",6 GB RAM | 128 GB ROM17.02 cm (6.7 inch) Display50MP Rear Camera5000 mAh Battery1 Year Manufacturer Warranty for Phone and 6 Months Warranty for In the Box Accessories,3.9
35,"Infinix Note 50x 5G+ 45W Charger In the Box & AI (Titanium Grey, 128 GB)","₹13,499",8 GB RAM | 128 GB ROM16.94 cm (6.67 inch) HD+ Display50MP + AI Lens | 8MP Front Camera5500 mAh BatteryDimensity 7300 Ultimate Processor1 Year Warranty on the Handset and 6 Months Warranty on the In-box Accessories,4.3
36,"Infinix Note 50x 5G+ 45W Charger In the Box & AI (Sea Breeze Green, 128 GB)","₹11,999",6 GB RAM | 128 GB ROM16.94 cm (6.67 inch) HD+ Display50MP + AI Lens | 8MP Front Camera5500 mAh BatteryDimensity 7300 Ultimate Processor1 Year Warranty on the Handset and 6 Months Warranty on the In-box Accessories,4.3
37,"OPPO A3x 5G (Starlight White, 64 GB)","₹10,279",4 GB RAM | 64 GB ROM | Expandable Upto 2 TB16.94 cm (6.67 inch) HD+ Display8MP Rear Camera | 5MP Front Camera5100 mAh BatteryDimensity 6300 Processor1 Year Manufacturer Warranty for Device and 6 Months Manufacturer Warranty for Inbox Accessories,4.2
38,"OPPO A3x 5G (Starlight White, 128 GB)","₹11,499",4 GB RAM | 128 GB ROM | Expandable Upto 2 TB16.94 cm (6.67 inch) HD+ Display8MP Rear Camera | 5MP Front Camera5100 mAh BatteryDimensity 6300 Processor1 Year Manufacturer Warranty for Device and 6 Months Manufacturer Warranty for Inbox Accessories,4.2
39,"REDMI A4 (Sparkle Purple, 128 GB)","₹9,290",4 GB RAM | 128 GB ROM17.48 cm (6.88 inch) Display50MP Rear Camera5160 mAh Battery1 Year,4.3
40,"Tecno Pova 7 5G (Oasis Green, 128 GB)","₹13,749",8 GB RAM | 128 GB ROM17.22 cm (6.78 inch) Full HD+ Display50MP + AI | 13MP Front Camera6000 mAh BatteryDimensity 7300 Ultimate Processor1 Year Manufacturer Warranty for Phone,4.4
41,"Infinix Hot 60 5G+ (Caramel Glow, 128 GB)","₹10,499",6 GB RAM | 128 GB ROM17.02 cm (6.7 inch) HD+ Display50MP Rear Camera | 8MP Front Camera5200 mAh BatteryDimensity 7020 Processor1 Year Manufacturer Warranty for Device and 6 Months Manufacturer Warranty for Inbox Accessories,4.3
42,"Infinix Hot 60 5G+ (Sleek Black, 128 GB)","₹10,499",6 GB RAM | 128 GB ROM17.02 cm (6.7 inch) HD+ Display50MP Rear Camera | 8MP Front Camera5200 mAh BatteryDimensity 7020 Processor1 Year Manufacturer Warranty for Device and 6 Months Manufacturer Warranty for Inbox Accessories,4.3
43,"Infinix Hot 60 5G+ (Shadow Blue, 128 GB)","₹10,499",6 GB RAM | 128 GB ROM17.02 cm (6.7 inch) HD+ Display50MP Rear Camera | 8MP Front Camera5200 mAh BatteryDimensity 7020 Processor1 Year Manufacturer Warranty for Device and 6 Months Manufacturer Warranty for Inbox Accessories,4.3
44,"Infinix Hot 60 5G+ (Tundra Green, 128 GB)","₹10,499",6 GB RAM | 128 GB ROM17.02 cm (6.7 inch) HD+ Display50MP Rear Camera | 8MP Front Camera5200 mAh BatteryDimensity 7020 Processor1 Year Manufacturer Warranty for Device and 6 Months Manufacturer Warranty for Inbox Accessories,4.3
45,"Samsung Galaxy F16 5G (Vibing Blue, 128 GB)","₹13,999",6 GB RAM | 128 GB ROM16.91 cm (6.657 inch) Full HD+ Display50MP + 5MP + 2MP | 13MP Front Camera5000 mAh BatteryDimensity 6300 Processor1 Year Manufacturer Warranty for Device and 6 Months for In-Box Accessories,4.2
46,"IQOO Z10 Lite 5G (Cyber Green, 256 GB)","₹13,985",8 GB RAM | 256 GB ROM17.12 cm (6.74 inch) Display50MP Rear Camera6000 mAh Battery1 Year Warranty,4.2
47,"OPPO A3x 5G (Starry Purple, 64 GB)","₹10,990",4 GB RAM | 64 GB ROM | Expandable Upto 2 TB16.94 cm (6.67 inch) HD+ Display8MP Rear Camera | 5MP Front Camera5100 mAh BatteryDimensity 6300 Processor1 Year Manufacturer Warranty for Device and 6 Months Manufacturer Warranty for Inbox Accessories,4.2
48,"vivo Y20G (Obsidian Black, 64 GB)","₹16,990",4 GB RAM | 64 GB ROM | Expandable Upto 1 TB16.54 cm (6.51 inch) HD+ Display13MP + 2MP + 2MP | 8MP Front Camera5000 mAh Li-ion BatteryMediaTek Helio G80 Processor1 Year for Handset and 6 Months for In-box Accessories,4.3
49,"vivo Y53s (Deep Sea Blue, 128 GB)","₹15,490",8 GB RAM | 128 GB ROM | Expandable Upto 1 TB16.71 cm (6.58 inch) Full HD+ Display64MP + 2MP + 2MP | 16MP Front Camera5000 mAh BatteryMediaTek Helio G80 Processor1 Year Warranty for Handset and 6 Months for In-box Accessories,4.3
50,"vivo Y53s (Fantastic Rainbow, 128 GB)","₹15,490",8 GB RAM | 128 GB ROM | Expandable Upto 1 TB16.71 cm (6.58 inch) Full HD+ Display64MP + 2MP + 2MP | 16MP Front Camera5000 mAh BatteryMediaTek Helio G80 Processor1 Year Warranty for Handset and 6 Months for In-box Accessories,4.3
51,"Infinix Zero 5G (Cosmic Black, 128 GB)","₹19,999",8 GB RAM | 128 GB ROM | Expandable Upto 256 GB17.22 cm (6.78 inch) Full HD+ Display48 MP + 13 MP Portrait Lens + 2 MP Bokeh Lens | 16MP Front Camera5000 mAh Li-ion Polymer BatteryMediatek Dimensity 900 Processor1 Year on Handset and 6 Months on Accessories,4.2
52,"Infinix Note 11s Free Fire Edition (Haze Green, 128 GB)","₹15,999",8 GB RAM | 128 GB ROM | Expandable Upto 512 GB17.65 cm (6.95 inch) Full HD+ Display50 MP + 2 MP Depth Lens + 2 MP Macro Lens | 16MP Front Camera5000 mAh Li-ion Polymer BatteryMediaTek Helio G96 Processor1 Year on Handset and 6 Months on Accessories,4.3
53,"Infinix Note 11s Free Fire Edition (Mithril Grey, 128 GB)","₹15,999",8 GB RAM | 128 GB ROM | Expandable Upto 512 GB17.65 cm (6.95 inch) Full HD+ Display50 MP + 2 MP Depth Lens + 2 MP Macro Lens | 16MP Front Camera5000 mAh Li-ion Polymer BatteryMediaTek Helio G96 Processor1 Year on Handset and 6 Months on Accessories,4.3
54,"Infinix Zero 5G 2023 (Coral Orange, 128 GB)","₹17,999",8 GB RAM | 128 GB ROM | Expandable Upto 256 GB17.22 cm (6.78 inch) Full HD+ Display50MP + 2MP + 2MP | 16MP Front Camera5000 mAh Lithium-ion Polymer BatteryMediatek Dimensity 920 Processor1 Year on Handset and 6 Months on Accessories,4.1
55,"Infinix Zero 5G 2023 (Pearly White, 128 GB)","₹17,999",8 GB RAM | 128 GB ROM | Expandable Upto 256 GB17.22 cm (6.78 inch) Full HD+ Display50MP + 2MP + 2MP | 16MP Front Camera5000 mAh Lithium-ion Polymer BatteryMediatek Dimensity 920 Processor1 Year on Handset and 6 Months on Accessories,4.1
56,"REDMI Note 9 Pro Max (Champagne Gold, 64 GB)","₹18,999",6 GB RAM | 64 GB ROM | Expandable Upto 512 GB16.94 cm (6.67 inch) Full HD+ Display64MP + 8MP + 5MP + 2MP | 32MP Front Camera5020 mAh Lithium Polymer BatteryQualcomm Snapdragon 720G Processor1 Year Manufacturer Warranty for Device and 6 Months Manufacturer Warranty for In-box Accessories,4.4
57,"POCO M4 Pro (Cool Blue, 64 GB)","₹17,999","6 GB RAM | 64 GB ROM | Expandable Upto 1 TB16.33 cm (6.43 inch) Full HD+ AMOLED Display64MP + 8MP + 2MP | 16MP Front Camera5000 mAh Lithium-ion Polymer BatteryMediatek Helio G96 ProcessorOne Year for Handset, 6 Months for Accessories",4.3
58,"Infinix Zero 5G (Skylight Orange, 128 GB)","₹19,999",8 GB RAM | 128 GB ROM | Expandable Upto 256 GB17.22 cm (6.78 inch) Full HD+ Display48 MP + 13 MP Portrait Lens + 2 MP Bokeh Lens | 16MP Front Camera5000 mAh Li-ion Polymer BatteryMediatek Dimensity 900 Processor1 Year on Handset and 6 Months on Accessories,4.2
59,"Samsung Galaxy A14 (Silver, 128 GB)","₹18,499","4 GB RAM | 128 GB ROM | Expandable Upto 1 TB16.76 cm (6.6 inch) Full HD+ Display50MP + 5MP + 2MP | 13MP Front Camera5000 mAh BatteryExynos 850, Octa Core Processor1 Year Manufacturer Warranty for Device and 6 Months Manufacturer Warranty for In-Box Accessories",3.9
60,"vivo Y20G (Purist Blue, 64 GB)","₹16,990",4 GB RAM | 64 GB ROM | Expandable Upto 1 TB16.54 cm (6.51 inch) HD+ Display13MP + 2MP + 2MP | 8MP Front Camera5000 mAh Li-ion BatteryMediaTek Helio G80 Processor1 Year for Handset and 6 Months for In-box Accessories,4.3
61,"vivo Y20G (Purist Blue, 128 GB)","₹18,990",6 GB RAM | 128 GB ROM16.54 cm (6.51 inch) Display13MP Rear Camera5000 mAh Battery1 year,4.3
62,"vivo Y20G (Obsidian Black, 128 GB)","₹18,990",6 GB RAM | 128 GB ROM | Expandable Upto 1 TB16.54 cm (6.51 inch) HD+ Display13MP + 2MP + 2MP | 8MP Front Camera5000 mAh Li-ion BatteryMediaTek Helio G80 Processor1 Year for Handset and 6 Months for In-box Accessories,4.3
63,"Samsung Galaxy F23 5G (Copper Blush, 128 GB)","₹18,499",6 GB RAM | 128 GB ROM | Expandable Upto 1 TB16.76 cm (6.6 inch) Full HD+ Display50MP + 8MP + 2MP | 8MP Front Camera5000 mAh Lithium Ion BatteryQualcomm Snapdragon 750G Processor1 Year Warranty Provided by the Manufacturer from Date of Purchase,4.3
64,"ASUS Zenfone Max Pro M1 (Black, 64 GB)","₹15,599",4 GB RAM | 64 GB ROM | Expandable Upto 2 TB15.21 cm (5.99 inch) Full HD+ Display13MP + 5MP | 8MP Front Camera5000 mAh BatteryQualcomm Snapdragon 636 Octa Core ProcessorBrand Warranty of 1 Year Available for Handset and 6 Months for Accessories,4.3
65,"vivo Y20i (Dawn White, 64 GB)","₹15,490",3 GB RAM | 64 GB ROM | Expandable Upto 256 GB16.54 cm (6.51 inch) HD+ Display13MP + 2MP + 2MP | 8MP Front Camera5000 mAh Lithium-ion BatteryQualcomm Snapdragon 460 Processor1 Year for Device and 6 Months for In-box Accessories,4.4
66,"vivo Z1x (Fusion Blue, 64 GB)","₹17,990",6 GB RAM | 64 GB ROM16.21 cm (6.38 inch) Full HD+ Display48MP + 8MP + 2MP | 32MP Front Camera4500 mAh Li-ion BatteryQualcomm Snapdragon 712 AIE Processor22.5 W Vivo Flash ChargeBrand Warranty of 1 Year Available for Mobile and 6 Months for In-box Accessories,4.5
67,"ASUS Zenfone Max Pro M1 (Grey, 64 GB)","₹15,599",4 GB RAM | 64 GB ROM | Expandable Upto 2 TB15.21 cm (5.99 inch) Full HD+ Display13MP + 5MP | 8MP Front Camera5000 mAh BatteryQualcomm Snapdragon 636 Octa Core ProcessorBrand Warranty of 1 Year Available for Handset and 6 Months for Accessories,4.3
68,"Infinix Note 12 Pro (Volcanic Grey, 256 GB)","₹16,999",8 GB RAM | 256 GB ROM | Expandable Upto 2 TB17.02 cm (6.7 inch) Full HD+ AMOLED Display108MP + 2MP Depth Lens + AI lens | 16MP Front Camera5000 mAh Lithium Ion Polymer BatteryMediatek Helio G99 Processor1 Year on Handset and 6 Months on Accessories,4.2
69,"vivo T1 5G (Starlight Black, 128 GB)","₹14,499",4 GB RAM | 128 GB ROM | Expandable Upto 1 TB16.71 cm (6.58 inch) Full HD+ Display50MP + 2MP + 2MP | 16MP Front Camera5000 mAh Lithium BatteryQualcomm Snapdragon 695 Processor1 Year Handset and 6 Months Accessories,4.3
70,"ASUS Zenfone Max Pro M1 (Black, 64 GB)","₹17,999",6 GB RAM | 64 GB ROM | Expandable Upto 2 TB15.21 cm (5.99 inch) Full HD+ Display16MP + 5MP | 16MP Front Camera5000 mAh BatteryQualcomm Snapdragon 636 Octa Core ProcessorBrand Warranty of 1 Year Available for Handset and 6 Months for Accessories,4.3
71,"OPPO K10 (Blue Flame, 128 GB)","₹18,999",6 GB RAM | 128 GB ROM | Expandable Upto 1 TB16.74 cm (6.59 inch) Full HD+ Display50MP + 2MP + 2MP | 16MP Front Camera5000 mAh Lithium Ion BatteryQualcomm Snapdragon 680 Processor33W SUPERVOOC Charger | Dual Speaker | Super Adaptive Refresh RateAI Photo Suite | OPPO Glow Design with Dirt and Scratch Resistant1 Year Manufacturer Warranty for Phone and 6 Months Warranty for In-Box Accessories,4.4
72,"OPPO K10 (Black Carbon, 128 GB)","₹18,999",6 GB RAM | 128 GB ROM | Expandable Upto 1 TB16.74 cm (6.59 inch) Full HD+ Display50MP + 2MP + 2MP | 16MP Front Camera5000 mAh Lithium Ion BatteryQualcomm Snapdragon 680 Processor33W SUPERVOOC Charger | Dual Speaker | Super Adaptive Refresh RateAI Photo Suite | OPPO Glow Design with Dirt and Scratch Resistant1 Year Manufacturer Warranty for Phone and 6 Months Warranty for In-Box Accessories,4.4
73,"LG Q6+ (Black, 64 GB)","₹19,990",4 GB RAM | 64 GB ROM | Expandable Upto 2 TB13.97 cm (5.5 inch) Full HD+ Display13MP Rear Camera | 5MP Front Camera3000 mAh BatteryQualcomm Snapdragon 435 1.4 GHz Octacore Processor1 Year Manufacturer Warranty for Device and 6 Months for accessories.,3.9
74,"Infinix Note 12 5G (Force Black, 64 GB)","₹15,999",6 GB RAM | 64 GB ROM | Expandable Upto 2 TB17.02 cm (6.7 inch) Full HD+ AMOLED Display50 MP + 2 MP Depth Lens + AI Lens | 16MP Front Camera5000 mAh Li-ion Polymer BatteryMediatek Dimensity 810 5G Processor1 Year on Handset and 6 Months on Accessories,4.2
75,"Infinix Note 12 5G (Snowfall, 64 GB)","₹15,999",6 GB RAM | 64 GB ROM | Expandable Upto 2 TB17.02 cm (6.7 inch) Full HD+ AMOLED Display50 MP + 2 MP Depth Lens + AI Lens | 16MP Front Camera5000 mAh Li-ion Polymer BatteryMediatek Dimensity 810 5G Processor1 Year on Handset and 6 Months on Accessories,4.2
76,"Infinix Zero 5G 2023 TURBO (Coral Orange, 256 GB)","₹19,999",8 GB RAM | 256 GB ROM | Expandable Upto 256 GB17.22 cm (6.78 inch) Full HD+ Display50MP + 2MP + 2MP | 16MP Front Camera5000 mAh Lithium-ion Polymer BatteryMediatek Dimensity 1080 Processor1 Year on Handset and 6 Months on Accessories,4.1
77,"Infinix Zero 5G 2023 TURBO (Submariner Black, 256 GB)","₹19,999",8 GB RAM | 256 GB ROM | Expandable Upto 256 GB17.22 cm (6.78 inch) Full HD+ Display50MP + 2MP + 2MP | 16MP Front Camera5000 mAh Lithium-ion Polymer BatteryMediatek Dimensity 1080 Processor1 Year on Handset and 6 Months on Accessories,4.1
78,"vivo T1 5G (Starlight Black, 128 GB)","₹19,990",8 GB RAM | 128 GB ROM | Expandable Upto 1 TB16.71 cm (6.58 inch) Full HD+ Display50MP + 2MP + 2MP | 16MP Front Camera5000 mAh Lithium BatteryQualcomm Snapdragon 695 Processor1 Year Handset and 6 Months Accessories,4.3
79,"vivo T4 Lite 5G Charger in the Box (Titanium Gold, 256 GB)","₹13,499",8 GB RAM | 256 GB ROM | Expandable Upto 2 TB17.12 cm (6.74 inch) HD+ Display50MP + 2MP | 5MP Front Camera6000 mAh BatteryDimensity 6300 5G Processor1 Year Manufacturer Warranty for Device and 6 Months Manufacturer Warranty for Inbox Accessories,4.3
80,"vivo T4 Lite 5G Charger in the Box (Prism Blue, 128 GB)","₹10,499",4 GB RAM | 128 GB ROM | Expandable Upto 2 TB17.12 cm (6.74 inch) HD+ Display50MP + 2MP | 5MP Front Camera6000 mAh BatteryDimensity 6300 5G Processor1 Year Manufacturer Warranty for Device and 6 Months Manufacturer Warranty for Inbox Accessories,4.4
81,"vivo T4x 5G (Marine Blue, 128 GB)","₹14,499",6 GB RAM | 128 GB ROM17.07 cm (6.72 inch) Display50MP + 2MP | 8MP Front Camera6500 mAh BatteryDimensity 7300 5G Processor1 Year Warranty for Device and 6 Months Warranty for Accessories,4.4
82,"vivo T4 Lite 5G Charger in the Box (Titanium Gold, 128 GB)","₹10,499",4 GB RAM | 128 GB ROM | Expandable Upto 2 TB17.12 cm (6.74 inch) HD+ Display50MP + 2MP | 5MP Front Camera6000 mAh BatteryDimensity 6300 5G Processor1 Year Manufacturer Warranty for Device and 6 Months Manufacturer Warranty for Inbox Accessories,4.4
83,"vivo T4 Lite 5G Charger in the Box (Prism Blue, 128 GB)","₹11,499",6 GB RAM | 128 GB ROM | Expandable Upto 2 TB17.12 cm (6.74 inch) HD+ Display50MP + 2MP | 5MP Front Camera6000 mAh BatteryDimensity 6300 5G Processor1 Year Manufacturer Warranty for Device and 6 Months Manufacturer Warranty for Inbox Accessories,4.4
84,"MOTOROLA g35 5G (Midnight Black, 128 GB)","₹11,999",8 GB RAM | 128 GB ROM | Expandable Upto 1 TB17.07 cm (6.72 inch) Full HD+ Display50MP + 8MP | 16MP Front Camera5000 mAh BatteryT760 Processor12 5G Bands with VoNR|4K Video Recording|Vision Booster Technology1 Year on Handset and 6 Months on Accessories,4.2
85,"REDMI Note 14 SE 5G (Titan Black, 128 GB)","₹13,499",6 GB RAM | 128 GB ROM16.94 cm (6.67 inch) Full HD+ Display50MP + 8MP + 2MP | 20MP Front Camera5110 mAh BatteryDimensity 7025 Ultra Processor1 Year Warranty on the Handset and 6 Months Warranty on the Inbox Accessories,4.3
86,"vivo T4x 5G (Pronto Purple, 128 GB)","₹14,499",6 GB RAM | 128 GB ROM17.07 cm (6.72 inch) Display50MP + 2MP | 8MP Front Camera6500 mAh BatteryDimensity 7300 5G Processor1 Year Warranty for Device and 6 Months Warranty for Accessories,4.4
87,"vivo T4 Lite 5G Charger in the Box (Titanium Gold, 128 GB)","₹11,499",6 GB RAM | 128 GB ROM | Expandable Upto 2 TB17.12 cm (6.74 inch) HD+ Display50MP + 2MP | 5MP Front Camera6000 mAh BatteryDimensity 6300 5G Processor1 Year Manufacturer Warranty for Device and 6 Months Manufacturer Warranty for Inbox Accessories,4.4
88,"vivo T4 Lite 5G Charger in the Box (Prism Blue, 256 GB)","₹13,499",8 GB RAM | 256 GB ROM | Expandable Upto 2 TB17.12 cm (6.74 inch) HD+ Display50MP + 2MP | 5MP Front Camera6000 mAh BatteryDimensity 6300 5G Processor1 Year Manufacturer Warranty for Device and 6 Months Manufacturer Warranty for Inbox Accessories,4.3
89,"REDMI Note 14 SE 5G (Mystique White, 128 GB)","₹13,499",6 GB RAM | 128 GB ROM16.94 cm (6.67 inch) Full HD+ Display50MP + 8MP + 2MP | 20MP Front Camera5110 mAh BatteryDimensity 7025 Ultra Processor1 Year Warranty on the Handset and 6 Months Warranty on the Inbox Accessories,4.3
90,"OPPO K13x 5G 6000mAh and 45W SUPERVOOC Charger & AI (Sunset Peach, 128 GB)","₹11,999",4 GB RAM | 128 GB ROM | Expandable Upto 2 TB16.94 cm (6.67 inch) HD+ Display50MP + 2MP | 8MP Front Camera6000 mAh BatteryDimensity 6300 Processor1 Year Manufacturer Warranty for Device and 6 Months Manufacturer Warranty for Inbox Accessories,4.4
91,"OPPO K13x 5G 6000mAh and 45W SUPERVOOC Charger & AI (Midnight Violet, 128 GB)","₹14,999",8 GB RAM | 128 GB ROM | Expandable Upto 2 TB16.94 cm (6.67 inch) HD+ Display50MP + 2MP | 8MP Front Camera6000 mAh BatteryDimensity 6300 Processor1 Year Manufacturer Warranty for Device and 6 Months Manufacturer Warranty for Inbox Accessories,4.5
92,"OPPO K13x 5G 6000mAh and 45W SUPERVOOC Charger & AI (Midnight Violet, 128 GB)","₹12,999",6 GB RAM | 128 GB ROM | Expandable Upto 2 TB16.94 cm (6.67 inch) HD+ Display50MP + 2MP | 8MP Front Camera6000 mAh BatteryDimensity 6300 Processor1 Year Manufacturer Warranty for Device and 6 Months Manufacturer Warranty for Inbox Accessories,4.5
93,"realme P3x 5G (Midnight Blue, 128 GB)","₹12,999",8 GB RAM | 128 GB ROM17.07 cm (6.72 inch) Full HD Display50MP Rear Camera | 8MP Front Camera6000 mAh BatteryDimensity 6400 Processor1 Year Manufacturer Warranty for Device and 6 Months Manufacturer Warranty for Inbox Accessories,4.4
94,"realme P3x 5G (Stellar Pink, 128 GB)","₹11,999",6 GB RAM | 128 GB ROM17.07 cm (6.72 inch) Full HD Display50MP Rear Camera | 8MP Front Camera6000 mAh BatteryDimensity 6400 Processor1 Year Manufacturer Warranty for Device and 6 Months Manufacturer Warranty for Inbox Accessories,4.4
95,"realme P3x 5G (Stellar Pink, 128 GB)","₹12,999",8 GB RAM | 128 GB ROM17.07 cm (6.72 inch) Full HD Display50MP Rear Camera | 8MP Front Camera6000 mAh BatteryDimensity 6400 Processor1 Year Manufacturer Warranty for Device and 6 Months Manufacturer Warranty for Inbox Accessories,4.4
96,"POCO M6 Plus 5G (Graphite Black, 128 GB)","₹10,749",8 GB RAM | 128 GB ROM | Expandable Upto 1 TB17.25 cm (6.79 inch) Full HD+ Display108MP + 2MP | 13MP Front Camera5030 mAh BatterySnapdragon 4 Gen2 AE Processor1 Year Manufacturer Warranty for Phone and 6 Months Warranty for In the Box Accessories,4.2
97,"OPPO K13x 5G 6000mAh and 45W SUPERVOOC Charger & AI (Midnight Violet, 128 GB)","₹11,999",4 GB RAM | 128 GB ROM | Expandable Upto 2 TB16.94 cm (6.67 inch) HD+ Display50MP + 2MP | 8MP Front Camera6000 mAh BatteryDimensity 6300 Processor1 Year Manufacturer Warranty for Device and 6 Months Manufacturer Warranty for Inbox Accessories,4.4
98,"realme P3x 5G (Midnight Blue, 128 GB)","₹11,999",6 GB RAM | 128 GB ROM17.07 cm (6.72 inch) Full HD Display50MP Rear Camera | 8MP Front Camera6000 mAh BatteryDimensity 6400 Processor1 Year Manufacturer Warranty for Device and 6 Months Manufacturer Warranty for Inbox Accessories,4.4
99,"realme P3x 5G (Lunar Silver, 128 GB)","₹12,999",8 GB RAM | 128 GB ROM17.07 cm (6.72 inch) Full HD Display50MP Rear Camera | 8MP Front Camera6000 mAh BatteryDimensity 6400 Processor1 Year Manufacturer Warranty for Device and 6 Months Manufacturer Warranty for Inbox Accessories,4.4
100,"realme P3x 5G (Lunar Silver, 128 GB)","₹11,999",6 GB RAM | 128 GB ROM17.07 cm (6.72 inch) Full HD Display50MP Rear Camera | 8MP Front Camera6000 mAh BatteryDimensity 6400 Processor1 Year Manufacturer Warranty for Device and 6 Months Manufacturer Warranty for Inbox Accessories,4.4
101,"POCO M7 Pro 5G (Lavender Frost, 128 GB)","₹11,999",6 GB RAM | 128 GB ROM16.94 cm (6.67 inch) Full HD+ Display50MP + 2MP | 20MP Front Camera5110 mAh BatteryDimensity 7025 Ultra Processor1 Year Manufacturer Warranty for Phone and 6 Months Warranty for In the Box Accessories,4.3
102,"OPPO K13x 5G 6000mAh and 45W SUPERVOOC Charger & AI (Sunset Peach, 128 GB)","₹12,999",6 GB RAM | 128 GB ROM | Expandable Upto 2 TB16.94 cm (6.67 inch) HD+ Display50MP + 2MP | 8MP Front Camera6000 mAh BatteryDimensity 6300 Processor1 Year Manufacturer Warranty for Device and 6 Months Manufacturer Warranty for Inbox Accessories,4.5
103,"REDMI Note 14 SE 5G (Crimson Art, 128 GB)","₹13,499",6 GB RAM | 128 GB ROM16.94 cm (6.67 inch) Full HD+ Display50MP + 8MP + 2MP | 20MP Front Camera5110 mAh BatteryDimensity 7025 Ultra Processor1 Year Warranty on the Handset and 6 Months Warranty on the Inbox Accessories,4.3
104,"POCO M7 Pro 5G (Lavender Frost, 256 GB)","₹13,999",8 GB RAM | 256 GB ROM16.94 cm (6.67 inch) Full HD+ Display50MP + 2MP | 20MP Front Camera5110 mAh BatteryDimensity 7025 Ultra Processor1 Year Manufacturer Warranty for Phone and 6 Months Warranty for In the Box Accessories,4.2
105,"Motorola g45 5G (Brilliant Green, 128 GB)","₹11,999",8 GB RAM | 128 GB ROM | Expandable Upto 1 TB16.51 cm (6.5 inch) HD+ Display50MP + 2MP | 16MP Front Camera5000 mAh BatterySnapdragon 6s Gen 3 Processor1 Year Warranty on Handset and 6 Months Warranty on Accessories,4.3
106,"realme P3 Lite 5G Charger in the Box (Lily White, 128 GB)","₹11,499",6 GB RAM | 128 GB ROM | Expandable Upto 2 TB16.94 cm (6.67 inch) Display32MP Rear Camera | 8MP Front Camera6000 mAh BatteryDimensity 6300 Processor1 Year Manufacturer Warranty for Device and 6 Months Manufacturer Warranty for Inbox Accessories,4.4
107,"realme P3 Lite 5G Charger in the Box (Midnight Lily, 128 GB)","₹11,499",6 GB RAM | 128 GB ROM | Expandable Upto 2 TB16.94 cm (6.67 inch) Display32MP Rear Camera | 8MP Front Camera6000 mAh BatteryDimensity 6300 Processor1 Year Manufacturer Warranty for Device and 6 Months Manufacturer Warranty for Inbox Accessories,4.4
108,"POCO M6 Plus 5G (Ice Silver, 128 GB)","₹10,782",8 GB RAM | 128 GB ROM | Expandable Upto 1 TB17.25 cm (6.79 inch) Full HD+ Display108MP + 2MP | 13MP Front Camera5030 mAh BatterySnapdragon 4 Gen2 AE Processor1 Year Manufacturer Warranty for Phone and 6 Months Warranty for In the Box Accessories,4.2
109,"Motorola g45 5G (Brilliant Blue, 128 GB)","₹11,999",8 GB RAM | 128 GB ROM | Expandable Upto 1 TB16.51 cm (6.5 inch) HD+ Display50MP + 2MP | 16MP Front Camera5000 mAh BatterySnapdragon 6s Gen 3 Processor1 Year Warranty on Handset and 6 Months Warranty on Accessories,4.3
110,"vivo T4x 5G (Glacial Teal, 128 GB)","₹14,499",6 GB RAM | 128 GB ROM17.07 cm (6.72 inch) Display50MP + 2MP | 8MP Front Camera6500 mAh BatteryDimensity 7300 5G Processor1 Year Warranty for Device and 6 Months Warranty for Accessories,4.4
111,"Motorola g45 5G (Viva Magenta, 128 GB)","₹11,999",8 GB RAM | 128 GB ROM | Expandable Upto 1 TB16.51 cm (6.5 inch) HD+ Display50MP + 2MP | 16MP Front Camera5000 mAh BatterySnapdragon 6s Gen 3 Processor1 Year Warranty on Handset and 6 Months Warranty on Accessories,4.3
112,"realme Narzo 80 Lite 5G (Onyx Black, 128 GB)","₹10,694",6 GB RAM | 128 GB ROM16.94 cm (6.67 inch) Display50MP Rear Camera6000 mAh Battery1 Year Warranty,4.3
113,"POCO M6 Plus 5G (Misty Lavender, 128 GB)","₹10,899",8 GB RAM | 128 GB ROM | Expandable Upto 1 TB17.25 cm (6.79 inch) Full HD+ Display108MP + 2MP | 13MP Front Camera5030 mAh BatterySnapdragon 4 Gen2 AE Processor1 Year Manufacturer Warranty for Phone and 6 Months Warranty for In the Box Accessories,4.2
114,"Samsung M06 5G (Blazing Black, 128 GB)","₹9,199",4 GB RAM | 128 GB ROM17.02 cm (6.7 inch) Display50MP Rear Camera5000 mAh Battery1 Year Manufacturer Warranty for Phone and 6 Months Warranty for In the Box Accessories,4
115,"realme P3 Lite 5G Charger in the Box (Purple Blossom, 128 GB)","₹11,499",6 GB RAM | 128 GB ROM | Expandable Upto 2 TB16.94 cm (6.67 inch) Display32MP Rear Camera | 8MP Front Camera6000 mAh BatteryDimensity 6300 Processor1 Year Manufacturer Warranty for Device and 6 Months Manufacturer Warranty for Inbox Accessories,4.4
116,"POCO M7 Pro 5G (Olive Twilight, 128 GB)","₹11,999",6 GB RAM | 128 GB ROM16.94 cm (6.67 inch) Full HD+ Display50MP + 2MP | 20MP Front Camera5110 mAh BatteryDimensity 7025 Ultra Processor1 Year Manufacturer Warranty for Phone and 6 Months Warranty for In the Box Accessories,4.3
117,"realme Narzo 80 Lite 5G (Crystal Purple, 128 GB)","₹10,788",4 GB RAM | 128 GB ROM16.94 cm (6.67 inch) Display50MP Rear Camera6000 mAh Battery1 Year Warranty,4.3
118,"MOTOROLA g35 5G (Leaf Green, 128 GB)","₹11,999",8 GB RAM | 128 GB ROM | Expandable Upto 1 TB17.07 cm (6.72 inch) Full HD+ Display50MP + 8MP | 16MP Front Camera5000 mAh BatteryT760 Processor12 5G Bands with VoNR|4K Video Recording|Vision Booster Technology1 Year on Handset and 6 Months on Accessories,4.2
119,"Samsung Galaxy A06 5G (Black, 128 GB)","₹10,080",4 GB RAM | 128 GB ROM | Expandable Upto 1 TB17.02 cm (6.7 inch) HD+ Display50MP + 50MP | 2MP + 2MP Dual Front Camera5000 mAh BatteryMEDIATEK Processor1 Year Manufacturer Warranty for Device and 6 Months for In-Box Accessories,4.1
120,"REDMI A4 5G only on Jio SIM (Starry Black, 128 GB)","₹8,845",4 GB RAM | 128 GB ROM17.48 cm (6.88 inch) Display50MP Rear Camera5160 mAh Battery1 Year,4.3
121,"POCO M7 Plus 5G (Carbon Black, 128 GB)","₹12,999",6 GB RAM | 128 GB ROM | Expandable Upto 2 TB17.53 cm (6.9 inch) Display50MP AI Dual Camera7000 mAh BatterySnapdragon 6s Gen 3 5G Processor1 Year Manufacturer Warranty for Phone and 6 Months Warranty for In the Box Accessories,4.3
122,"OPPO K13x 5G 6000mAh and 45W SUPERVOOC Charger & AI (Breeze Blue, 128 GB)","₹12,999",6 GB RAM | 128 GB ROM | Expandable Upto 2 TB16.94 cm (6.67 inch) HD+ Display50MP + 2MP | 8MP Front Camera6000 mAh BatteryDimensity 6300 Processor1 Year Manufacturer Warranty for Device and 6 Months Manufacturer Warranty for Inbox Accessories,4.5
123,"POCO M7 Pro 5G (Lunar Dust, 128 GB)","₹11,999",6 GB RAM | 128 GB ROM16.94 cm (6.67 inch) Full HD+ Display50MP + 2MP | 20MP Front Camera5110 mAh BatteryDimensity 7025 Ultra Processor1 Year Manufacturer Warranty for Phone and 6 Months Warranty for In the Box Accessories,4.3
124,"IQOO Z10 Lite 5G (Titanium Blue, 128 GB)","₹11,790",6 GB RAM | 128 GB ROM17.12 cm (6.74 inch) Display50MP Rear Camera6000 mAh Battery1 Year Warranty,4.2
125,"IQOO Z10 Lite 5G (Titanium Blue, 128 GB)","₹10,590",4 GB RAM | 128 GB ROM17.12 cm (6.74 inch) Display50MP Rear Camera6000 mAh Battery1 Year Warranty,4.2
126,"Samsung M06 5G (Blazing Black, 128 GB)","₹10,885",6 GB RAM | 128 GB ROM17.02 cm (6.7 inch) Display50MP Rear Camera5000 mAh Battery1 Year Manufacturer Warranty for Phone and 6 Months Warranty for In the Box Accessories,3.9
127,"REDMI A4 (Starry Black, 128 GB)","₹9,584",6 GB RAM | 128 GB ROM17.48 cm (6.88 inch) Display50MP + 50MP | 5MP Dual Front Camera5160 mAh BatterySnapdragon 4s Gen 2 5G Processor Processor1 year manufacturer warranty for device and 6 months manufacturer warranty for in-box accessories including batteries from the date of purchase,4.2
128,"REDMI A4 (Sparkle Purple, 128 GB)","₹9,580",6 GB RAM | 128 GB ROM17.48 cm (6.88 inch) Display50MP + 50MP | 5MP Dual Front Camera5160 mAh BatterySnapdragon 4s Gen 2 5G Processor Processor1 year manufacturer warranty for device and 6 months manufacturer warranty for in-box accessories including batteries from the date of purchase,4.2
129,"POCO M7 Plus 5G (Chrome Silver, 128 GB)","₹12,999",6 GB RAM | 128 GB ROM | Expandable Upto 2 TB17.53 cm (6.9 inch) Display50MP AI Dual Camera7000 mAh BatterySnapdragon 6s Gen 3 5G Processor1 Year Manufacturer Warranty for Phone and 6 Months Warranty for In the Box Accessories,4.3
130,"realme Narzo 80 Lite 5G (Crystal Purple, 128 GB)","₹10,675",6 GB RAM | 128 GB ROM16.94 cm (6.67 inch) Display32MP Rear Camera6000 mAh Battery1 Year Warranty,4.3
131,"Infinix Note 50x 5G+ 45W Charger In the Box & AI (Sea Breeze Green, 128 GB)","₹13,499",8 GB RAM | 128 GB ROM16.94 cm (6.67 inch) HD+ Display50MP + AI Lens | 8MP Front Camera5500 mAh BatteryDimensity 7300 Ultimate Processor1 Year Warranty on the Handset and 6 Months Warranty on the In-box Accessories,4.3
132,"IQOO Z10 Lite 5G (Cyber Green, 128 GB)","₹10,590",4 GB RAM | 128 GB ROM17.12 cm (6.74 inch) Display50MP Rear Camera6000 mAh Battery1 Year Warranty,4.2
133,"POCO M7 Plus 5G (Chrome Silver, 128 GB)","₹13,999",8 GB RAM | 128 GB ROM | Expandable Upto 2 TB17.53 cm (6.9 inch) Display50MP AI Dual Camera7000 mAh BatterySnapdragon 6s Gen 3 5G Processor1 Year Manufacturer Warranty for Phone and 6 Months Warranty for In the Box Accessories,4.3
134,"Infinix Note 50x 5G+ 45W Charger In the Box & AI (Enchanted Purple, 128 GB)","₹11,999",6 GB RAM | 128 GB ROM16.94 cm (6.67 inch) HD+ Display50MP + AI Lens | 8MP Front Camera5500 mAh BatteryDimensity 7300 Ultimate Processor1 Year Warranty on the Handset and 6 Months Warranty on the In-box Accessories,4.3
135,"POCO M7 Plus 5G (Carbon Black, 128 GB)","₹13,999",8 GB RAM | 128 GB ROM | Expandable Upto 2 TB17.53 cm (6.9 inch) Display50MP AI Dual Camera7000 mAh BatterySnapdragon 6s Gen 3 5G Processor1 Year Manufacturer Warranty for Phone and 6 Months Warranty for In the Box Accessories,4.3
136,"MOTOROLA g35 5G (Guava Red, 128 GB)","₹11,999",8 GB RAM | 128 GB ROM | Expandable Upto 1 TB17.07 cm (6.72 inch) Full HD+ Display50MP + 8MP | 16MP Front Camera5000 mAh BatteryT760 Processor12 5G Bands with VoNR|4K Video Recording|Vision Booster Technology1 Year on Handset and 6 Months on Accessories,4.2
137,"POCO M7 Plus 5G (Aqua Blue, 128 GB)","₹13,999",8 GB RAM | 128 GB ROM | Expandable Upto 2 TB17.53 cm (6.9 inch) Display50MP AI Dual Camera7000 mAh BatterySnapdragon 6s Gen 3 5G Processor1 Year Manufacturer Warranty for Phone and 6 Months Warranty for In the Box Accessories,4.3
138,"Infinix Note 50x 5G+ 45W Charger In the Box & AI (Enchanted Purple, 128 GB)","₹13,499",8 GB RAM | 128 GB ROM16.94 cm (6.67 inch) HD+ Display50MP + AI Lens | 8MP Front Camera5500 mAh BatteryDimensity 7300 Ultimate Processor1 Year Warranty on the Handset and 6 Months Warranty on the In-box Accessories,4.3
139,"realme Narzo 80 Lite 5G (Onyx Black, 128 GB)","₹10,651",4 GB RAM | 128 GB ROM16.94 cm (6.67 inch) Display50MP Rear Camera6000 mAh Battery1 Year Warranty,4.3
140,"OPPO A3x 5G (Sparkle Black, 64 GB)","₹10,499",4 GB RAM | 64 GB ROM | Expandable Upto 2 TB16.94 cm (6.67 inch) HD+ Display8MP Rear Camera | 5MP Front Camera5100 mAh BatteryDimensity 6300 Processor1 Year Manufacturer Warranty for Device and 6 Months Manufacturer Warranty for Inbox Accessories,4.2
141,"Infinix Note 50x 5G+ 45W Charger In the Box & AI (Titanium Grey, 128 GB)","₹11,999",6 GB RAM | 128 GB ROM16.94 cm (6.67 inch) HD+ Display50MP + AI Lens | 8MP Front Camera5500 mAh BatteryDimensity 7300 Ultimate Processor1 Year Warranty on the Handset and 6 Months Warranty on the In-box Accessories,4.3
142,"IQOO Z10 Lite 5G (Cyber Green, 128 GB)","₹11,790",6 GB RAM | 128 GB ROM17.12 cm (6.74 inch) Display50MP Rear Camera6000 mAh Battery1 Year Warranty,4.2
143,"Tecno Pova 7 5G (Magic Silver, 128 GB)","₹13,749",8 GB RAM | 128 GB ROM17.22 cm (6.78 inch) Full HD+ Display50MP + AI | 13MP Front Camera6000 mAh BatteryDimensity 7300 Ultimate Processor1 Year Manufacturer Warranty for Phone,4.4
144,"Tecno Pova 7 5G (Geek Black, 128 GB)","₹13,749",8 GB RAM | 128 GB ROM17.22 cm (6.78 inch) Full HD+ Display50MP + AI | 13MP Front Camera6000 mAh BatteryDimensity 7300 Ultimate Processor1 Year Manufacturer Warranty for Phone,4.4
145,"Samsung M06 5G (Sage Green, 128 GB)","₹10,972",6 GB RAM | 128 GB ROM17.02 cm (6.7 inch) Display50MP Rear Camera5000 mAh Battery1 Year Manufacturer Warranty for Phone and 6 Months Warranty for In the Box Accessories,3.9
146,"Infinix Note 50x 5G+ 45W Charger In the Box & AI (Titanium Grey, 128 GB)","₹13,499",8 GB RAM | 128 GB ROM16.94 cm (6.67 inch) HD+ Display50MP + AI Lens | 8MP Front Camera5500 mAh BatteryDimensity 7300 Ultimate Processor1 Year Warranty on the Handset and 6 Months Warranty on the In-box Accessories,4.3
147,"Infinix Note 50x 5G+ 45W Charger In the Box & AI (Sea Breeze Green, 128 GB)","₹11,999",6 GB RAM | 128 GB ROM16.94 cm (6.67 inch) HD+ Display50MP + AI Lens | 8MP Front Camera5500 mAh BatteryDimensity 7300 Ultimate Processor1 Year Warranty on the Handset and 6 Months Warranty on the In-box Accessories,4.3
148,"OPPO A3x 5G (Starlight White, 64 GB)","₹10,279",4 GB RAM | 64 GB ROM | Expandable Upto 2 TB16.94 cm (6.67 inch) HD+ Display8MP Rear Camera | 5MP Front Camera5100 mAh BatteryDimensity 6300 Processor1 Year Manufacturer Warranty for Device and 6 Months Manufacturer Warranty for Inbox Accessories,4.2
149,"OPPO A3x 5G (Starlight White, 128 GB)","₹11,499",4 GB RAM | 128 GB ROM | Expandable Upto 2 TB16.94 cm (6.67 inch) HD+ Display8MP Rear Camera | 5MP Front Camera5100 mAh BatteryDimensity 6300 Processor1 Year Manufacturer Warranty for Device and 6 Months Manufacturer Warranty for Inbox Accessories,4.2
150,"REDMI A4 (Sparkle Purple, 128 GB)","₹9,290",4 GB RAM | 128 GB ROM17.48 cm (6.88 inch) Display50MP Rear Camera5160 mAh Battery1 Year,4.3
151,"REDMI 13 5G (Black Diamond, 128 GB)","₹11,980",6 GB RAM | 128 GB ROM17.25 cm (6.79 inch) Full HD+ Display108MP Rear Camera5030 mAh BatteryQualcomm SM4450 Snapdragon 4 Gen 2 AE (4 nm) Processor1 year manufacture warranty,4.3
152,"Tecno Pova 7 5G (Oasis Green, 128 GB)","₹13,749",8 GB RAM | 128 GB ROM17.22 cm (6.78 inch) Full HD+ Display50MP + AI | 13MP Front Camera6000 mAh BatteryDimensity 7300 Ultimate Processor1 Year Manufacturer Warranty for Phone,4.4
153,"Infinix Hot 60 5G+ (Sleek Black, 128 GB)","₹10,499",6 GB RAM | 128 GB ROM17.02 cm (6.7 inch) HD+ Display50MP Rear Camera | 8MP Front Camera5200 mAh BatteryDimensity 7020 Processor1 Year Manufacturer Warranty for Device and 6 Months Manufacturer Warranty for Inbox Accessories,4.3
154,"Infinix Hot 60 5G+ (Shadow Blue, 128 GB)","₹10,499",6 GB RAM | 128 GB ROM17.02 cm (6.7 inch) HD+ Display50MP Rear Camera | 8MP Front Camera5200 mAh BatteryDimensity 7020 Processor1 Year Manufacturer Warranty for Device and 6 Months Manufacturer Warranty for Inbox Accessories,4.3
155,"Infinix Hot 60 5G+ (Tundra Green, 128 GB)","₹10,499",6 GB RAM | 128 GB ROM17.02 cm (6.7 inch) HD+ Display50MP Rear Camera | 8MP Front Camera5200 mAh BatteryDimensity 7020 Processor1 Year Manufacturer Warranty for Device and 6 Months Manufacturer Warranty for Inbox Accessories,4.3
156,"Infinix Hot 60 5G+ (Caramel Glow, 128 GB)","₹10,499",6 GB RAM | 128 GB ROM17.02 cm (6.7 inch) HD+ Display50MP Rear Camera | 8MP Front Camera5200 mAh BatteryDimensity 7020 Processor1 Year Manufacturer Warranty for Device and 6 Months Manufacturer Warranty for Inbox Accessories,4.3
157,"Samsung Galaxy F16 5G (Vibing Blue, 128 GB)","₹13,999",6 GB RAM | 128 GB ROM16.91 cm (6.657 inch) Full HD+ Display50MP + 5MP + 2MP | 13MP Front Camera5000 mAh BatteryDimensity 6300 Processor1 Year Manufacturer Warranty for Device and 6 Months for In-Box Accessories,4.2
158,"IQOO Z10 Lite 5G (Cyber Green, 256 GB)","₹13,985",8 GB RAM | 256 GB ROM17.12 cm (6.74 inch) Display50MP Rear Camera6000 mAh Battery1 Year Warranty,4.2
159,"POCO M7 Pro 5G (Olive Twilight, 256 GB)","₹13,999",8 GB RAM | 256 GB ROM16.94 cm (6.67 inch) Full HD+ Display50MP + 2MP | 20MP Front Camera5110 mAh BatteryDimensity 7025 Ultra Processor1 Year Manufacturer Warranty for Phone and 6 Months Warranty for In the Box Accessories,4.2
160,"OPPO A3x 5G (Starry Purple, 64 GB)","₹10,990",4 GB RAM | 64 GB ROM | Expandable Upto 2 TB16.94 cm (6.67 inch) HD+ Display8MP Rear Camera | 5MP Front Camera5100 mAh BatteryDimensity 6300 Processor1 Year Manufacturer Warranty for Device and 6 Months Manufacturer Warranty for Inbox Accessories,4.2
161,"Samsung Galaxy A06 (Black, 64 GB)","₹7,779",4 GB RAM | 64 GB ROM | Expandable Upto 1 TB17.02 cm (6.7 inch) HD+ Display50MP + 2MP | 8MP Front Camera5000 mAh BatteryMediatek Helio G85 Processor1 Year Manufacturer Warranty for Device and 6 Months for In-Box Accessories,4.1
162,"REDMI 14C 5G (Starlight Blue, 128 GB)","₹10,528",6 GB RAM | 128 GB ROM | Expandable Upto 1 TB17.48 cm (6.88 inch) HD+ Display50MP Rear Camera | 8MP Front Camera5160 mAh Battery4 Gen 2 5G Processor1 Year Manufacturer Warranty for Phone and 6 Months Warranty for In the Box Accessories,4.2
163,"Samsung Galaxy A06 5G (Light Green, 64 GB)","₹9,049",4 GB RAM | 64 GB ROM | Expandable Upto 1 TB17.02 cm (6.7 inch) HD+ Display50MP + 50MP | 2MP + 2MP Dual Front Camera5000 mAh BatteryMEDIATEK Processor1 Year Manufacturer Warranty for Device and 6 Months for In-Box Accessories,4.1
164,"realme 14x 5G (Crystal Black, 128 GB)","₹14,540",6 GB RAM | 128 GB ROM | Expandable Upto 2 TB16.94 cm (6.67 inch) HD+ Display50MP Rear Camera | 8MP Front Camera6000 mAh BatteryDimensity 6300 Processor1 Year Manufacturer Warranty for Device and 6 Months Manufacturer Warranty for Inbox Accessories,4.3
165,"realme 14x 5G (Jewel Red, 128 GB)","₹14,739",6 GB RAM | 128 GB ROM | Expandable Upto 2 TB16.94 cm (6.67 inch) HD+ Display50MP Rear Camera | 8MP Front Camera6000 mAh BatteryDimensity 6300 Processor1 Year Manufacturer Warranty for Device and 6 Months Manufacturer Warranty for Inbox Accessories,4.3
166,"REDMI 14C 5G (Stardust Purple, 128 GB)","₹9,876",4 GB RAM | 128 GB ROM | Expandable Upto 1 TB17.48 cm (6.88 inch) HD+ Display50MP Rear Camera | 8MP Front Camera5160 mAh Battery4 Gen 2 5G Processor1 Year Manufacturer Warranty for Phone and 6 Months Warranty for In the Box Accessories,4.2
167,"Tecno Spark Go 5G (Sky Blue, 128 GB)","₹10,999",4 GB RAM | 128 GB ROM | Expandable Upto 1 TB17.12 cm (6.74 inch) Display50MP Rear Camera | 5MP Front Camera6000 mAh BatteryDimensity 6400 5G Processor1 Year Manufacturer Warranty for Handset,4.3
168,"OPPO A3x 5G (Starry Purple, 128 GB)","₹11,499",4 GB RAM | 128 GB ROM | Expandable Upto 2 TB16.94 cm (6.67 inch) HD+ Display8MP Rear Camera | 5MP Front Camera5100 mAh BatteryDimensity 6300 Processor1 Year Manufacturer Warranty for Device and 6 Months Manufacturer Warranty for Inbox Accessories,4.2
169,"REDMI 14C 5G (Stargaze Black, 128 GB)","₹9,790",4 GB RAM | 128 GB ROM | Expandable Upto 1 TB17.48 cm (6.88 inch) HD+ Display50MP Rear Camera | 8MP Front Camera5160 mAh Battery4 Gen 2 5G Processor1 Year Manufacturer Warranty for Phone and 6 Months Warranty for In the Box Accessories,4.2
170,"POCO M7 Plus 5G (Chrome Silver, 128 GB)","₹11,999",4 GB RAM | 128 GB ROM | Expandable Upto 2 TB17.53 cm (6.9 inch) Display50MP Rear Camera7000 mAh BatterySnapdragon 6s Gen 3 5G Processor1 Year Manufacturer Warranty for Phone and 6 Months Warranty for In the Box Accessories,4.2
171,"realme Narzo 80x 5G (Sunlit Gold, 128 GB)","₹12,990",8 GB RAM | 128 GB ROM17.07 cm (6.72 inch) Display50MP Rear Camera6000 mAh Battery1 Year Manufacturer Warranty for Phone and 6 Months Warranty for In the Box Accessories,4.3
172,"POCO M7 Plus 5G (Aqua Blue, 128 GB)","₹11,999",4 GB RAM | 128 GB ROM | Expandable Upto 2 TB17.53 cm (6.9 inch) Display50MP Rear Camera7000 mAh BatterySnapdragon 6s Gen 3 5G Processor1 Year Manufacturer Warranty for Phone and 6 Months Warranty for In the Box Accessories,4.2
173,"itel P55 5G (Galaxy Blue, 128 GB)","₹9,365",6 GB RAM | 128 GB ROM16.76 cm (6.6 inch) Display50MP Rear Camera5000 mAh BatteryDomestic Warranty 1 year for handset and 6 months for accessories.,3.9
174,"OPPO A3x 5G (Sparkle Black, 128 GB)","₹11,450",4 GB RAM | 128 GB ROM | Expandable Upto 2 TB16.94 cm (6.67 inch) HD+ Display8MP + 13MP | 5MP + 5MP Dual Front Camera5100 mAh BatteryDimensity 6300 Processor1 Year Manufacturer Warranty for Device and 6 Months Manufacturer Warranty for Inbox Accessories,4.2
175,"REDMI 14C 5G (Stardust Purple, 128 GB)","₹10,943",6 GB RAM | 128 GB ROM | Expandable Upto 1 TB17.48 cm (6.88 inch) HD+ Display50MP Rear Camera | 8MP Front Camera5160 mAh Battery4 Gen 2 5G Processor1 Year Manufacturer Warranty for Phone and 6 Months Warranty for In the Box Accessories,4.2
176,"realme Narzo 80x 5G (Sunlit Gold, 128 GB)","₹12,555",6 GB RAM | 128 GB ROM17.07 cm (6.72 inch) Display50MP Rear Camera6000 mAh Battery1 Year Manufacturer Warranty for Phone and 6 Months Warranty for In the Box Accessories,4.2
177,"LAVA AMOLED (Sapphire Blue, 128 GB)","₹13,799",6 GB RAM | 128 GB ROM16.94 cm (6.67 inch) Full HD+ Display64MP Rear Camera5000 mAh BatteryOcta-core 2.6GHz MediaTek Dimensity 7050 6nm processor Processor1 Year Handset Warranty and 6 Months Warranty on Accessories,4
178,"Samsung Galaxy F15 5G (Ash Black, 128 GB)","₹13,499",4 GB RAM | 128 GB ROM | Expandable Upto 1 TB16.51 cm (6.5 inch) Full HD+ Display50MP + 5MP + 2MP | 13MP Front Camera6000 mAh Lithium ion BatteryMediaTek Dimensity 6100+ Processor1 Year Manufacturer Warranty for Device and 6 Months Manufacturer Warranty for In-Box Accessories,4.2
179,"REDMI 14C 5G (Stargaze Black, 128 GB)","₹10,927",6 GB RAM | 128 GB ROM | Expandable Upto 1 TB17.48 cm (6.88 inch) HD+ Display50MP Rear Camera | 8MP Front Camera5160 mAh Battery4 Gen 2 5G Processor1 Year Manufacturer Warranty for Phone and 6 Months Warranty for In the Box Accessories,4.2
180,"REDMI 14C 5G (Starlight Blue, 128 GB)","₹9,349",4 GB RAM | 128 GB ROM | Expandable Upto 1 TB17.48 cm (6.88 inch) HD+ Display50MP Rear Camera | 8MP Front Camera5160 mAh Battery4 Gen 2 5G Processor1 Year Manufacturer Warranty for Phone and 6 Months Warranty for In the Box Accessories,4.2
181,"POCO M7 Pro 5G (Lunar Dust, 256 GB)","₹13,999",8 GB RAM | 256 GB ROM16.94 cm (6.67 inch) Full HD+ Display50MP + 2MP | 20MP Front Camera5110 mAh BatteryDimensity 7025 Ultra Processor1 Year Manufacturer Warranty for Phone and 6 Months Warranty for In the Box Accessories,4.2
182,"OPPO A5x 5G (Laser White, 128 GB)","₹12,499",4 GB RAM | 128 GB ROM16.94 cm (6.67 inch) Display32MP Rear Camera6000 mAh BatteryDimensity 6300 Processor1 Year Manufacturer Warranty for Device and 6 Months Manufacturer Warranty for Inbox Accessories,4.3
183,"vivo Y19 5G (Silver, 64 GB)","₹11,499",4 GB RAM | 64 GB ROM17.12 cm (6.74 inch) Display13MP Rear Camera5500 mAh Battery1 YEAR,4.3
184,"Samsung Galaxy A06 5G (Light Gray, 64 GB)","₹9,245",4 GB RAM | 64 GB ROM | Expandable Upto 1 TB17.02 cm (6.7 inch) HD+ Display50MP + 50MP | 8MP + 2MP Dual Front Camera5000 mAh Batterymediatek Processor1 Year Manufacturer Warranty for Device and 6 Months for In-Box Accessories,4.1
185,"Tecno Spark Go 5G (Bikaner Red, 128 GB)","₹10,999",4 GB RAM | 128 GB ROM | Expandable Upto 1 TB17.12 cm (6.74 inch) Display50MP Rear Camera | 5MP Front Camera6000 mAh BatteryDimensity 6400 5G Processor1 Year Manufacturer Warranty for Handset,4.3
186,"Tecno Spark Go 5G (Turquoise Green, 128 GB)","₹10,999",4 GB RAM | 128 GB ROM | Expandable Upto 1 TB17.12 cm (6.74 inch) Display50MP Rear Camera | 5MP Front Camera6000 mAh BatteryDimensity 6400 5G Processor1 Year Manufacturer Warranty for Handset,4.3
187,"vivo Y19 5G (Green, 64 GB)","₹11,499",4 GB RAM | 64 GB ROM17.12 cm (6.74 inch) Display13MP Rear Camera5500 mAh Battery1 YEAR,4.3
188,"Tecno Spark Go 5G (Ink Black, 128 GB)","₹10,999",4 GB RAM | 128 GB ROM | Expandable Upto 1 TB17.12 cm (6.74 inch) Display50MP Rear Camera | 5MP Front Camera6000 mAh BatteryDimensity 6400 5G Processor1 Year Manufacturer Warranty for Handset,4.3
189,"Samsung Galaxy M16 5G (Blush Pink, 128 GB)","₹12,695",4 GB RAM | 128 GB ROM17.02 cm (6.7 inch) Display50MP Rear Camera5000 mAh Battery1 Year Manufacturer Warranty for Phone and 6 Months Warranty for In the Box Accessories,4.1
190,"OPPO K12x 5G with 45W SUPERVOOC Charger In-The-Box (Feather Pink, 128 GB)","₹12,999",6 GB RAM | 128 GB ROM | Expandable Upto 1 TB16.94 cm (6.67 inch) HD Display32MP + 2MP | 8MP Front Camera5100 mAh BatteryDimensity 6300 Processor1 Year Manufacturer Warranty for Device and 6 Months Manufacturer Warranty for Inbox Accessories,4.5
191,"Samsung Galaxy M16 5G (Mint Green, 128 GB)","₹12,485",4 GB RAM | 128 GB ROM17.02 cm (6.7 inch) Display50MP Rear Camera5000 mAh Battery1 Year Manufacturer Warranty for Phone and 6 Months Warranty for In the Box Accessories,4.1
